"user-id"	"text"	"topic"	"thread-id"	"time"	"post-id"	"reply-to"	"reply-by"
"RichardSincer01"	"@MariaCespedesc @PCaterianoB miren esto"	"Cuestion-de-confianza"	4	"2020-08-05 18:16:43"	81	1	
"Juanchi85813975"	"@MariaCespedesc @PCaterianoB Sra, no se trata de tus ambiciones politicas, aca, se trata de la salud de los peruanos y ustedes sin querer apoyo las zancadillas de su congreso. Tiene que priorizar valores."	"Cuestion-de-confianza"	4	"2020-08-05 18:08:16"	82	1	
"Sobrevi30272146"	"@MariaCespedesc @PCaterianoB Promover√°n la agricultura, el cu√°l tiene que tener un r√©gimen especial para que sea rentable..."	"Cuestion-de-confianza"	4	"2020-08-05 18:07:23"	83	1	
"marantonyp"	"@MariaCespedesc @PCaterianoB miren esto"	"Cuestion-de-confianza"	4	"2020-08-05 17:54:00"	84	1	
"jorgezapatajz"	"@MariaCespedesc @PCaterianoB Aqu√≠ no deben haber buenas intenciones solamente. Un a√±o de miner√≠a significan 100 a√±os de agricultura. Que propone econ√≥micamente para reducir brecha? Uds se deben al pueblo, a quienes los pusieron en esa curul. Uds votaron en bloque, es que all√≠ nadie piensa diferente?"	"Cuestion-de-confianza"	4	"2020-08-05 17:43:32"	85	1	
"Marita30706158"	"@MariaCespedesc @PCaterianoB Miner√≠a formal si y no ala miner√≠a inlegal que es la que destruye todo. hay trata de personas y prostituci√≥n"	"Cuestion-de-confianza"	4	"2020-08-05 17:39:21"	86	1	
"Oka36581454"	"@MariaCespedesc @PCaterianoB Ni molesten locos de mierda"	"Cuestion-de-confianza"	4	"2020-08-05 17:38:48"	87	1	
"ro_solorzanoG"	"@MariaCespedesc @PCaterianoB #CongresoVerguenzaNacional. Lamentable congreso, que diablos elegimos los Peruanos, un voto responsable es lo que nos falta, pero pedir esto imposible sino tenemos educaci√≥n. üò≠üò≠üò≠üò≠"	"Cuestion-de-confianza"	4	"2020-08-05 17:33:49"	88	1	
"Cdte_Gal_"	"@MariaCespedesc @PCaterianoB Buena intervenci√≥n."	"Cuestion-de-confianza"	4	"2020-08-05 17:29:30"	89	1	
"gino_rt"	"@MariaCespedesc @PCaterianoB Cateriano no critic√≥ su legitimidad, dijo que Uds no conocen el manejo de Instituciones p√∫blicas, que son un Partido religioso y piden cosas irreales; Que experiencia en el sector P√∫blico tienen? Son un grupo pol√≠tico-religioso? Detalle esa experiencia y su cuadro t√©cnico, su religi√≥n influye su Propuestas?"	"Cuestion-de-confianza"	4	"2020-08-05 17:28:19"	90	1	
"abidiaztito"	"@MariaCespedesc @PCaterianoB Cu√°nta coherencia en su razonamiento"	"Cuestion-de-confianza"	4	"2020-08-05 17:26:24"	91	1	
"alangma"	"@MariaCespedesc @PCaterianoB Toma cateriano, eso no lo viste venir ü§≠üòÇ Frepap cada dia va tomando m√°s fuerza üí™üèºü¶æ Pd: solo les falta un candidato presidencial sin controversias o l√≠os."	"Cuestion-de-confianza"	4	"2020-08-05 17:22:54"	92	1	
"HelenCuray"	"@MariaCespedesc @PCaterianoB Su discurso casi prof√©tico fue la mineria era una maldici√≥n casi casi el propio satan√°s en persona. Ahora no lo es ü§îü§îü§îsupongo se dio cuenta que con eso pagan su sueldo.Cateriano  y su banda los ha llamado""los malditos de la plaza bolivar"" ""los injertos de la plaza bolivar"""	"Cuestion-de-confianza"	4	"2020-08-05 17:17:32"	93	1	
"Daniel2986"	"@MariaCespedesc @PCaterianoB Tambi√©n promueven corrupci√≥n no es as√≠? https://t.co/GWjSDN2GdS"	"Cuestion-de-confianza"	4	"2020-08-05 17:14:15"	94	1	
"Lenny_AC"	"@MariaCespedesc @PCaterianoB Deber√≠an leer a fondo los dict√°menes, y las leyes que hacen los sinverg√ºenza, no parecen luchar contra la corrupci√≥n. Se les ve muy d√≥ciles. Los corruptos se pasean en sus caras. Necesitamos m√°s acci√≥n, menos palabras."	"Cuestion-de-confianza"	4	"2020-08-05 17:09:16"	95	1	
"JerryCh46497782"	"@MariaCespedesc @esquinabaja @PCaterianoB Monjita una pregunta? Les permiten sexo anal (hetero) en la secta? Estoy pensando unirme"	"Cuestion-de-confianza"	4	"2020-08-05 17:08:29"	96	1	
"LuisCarlos2801"	"@MariaCespedesc @PCaterianoB Su partido ha metido en una crisis pol√≠tica al pa√≠s en plena pandemia. Eso significa un profundo da√±o a todo lo que usted representa. El desconocimiento de c√≥mo funcionan las instituciones es innegable, aqu√≠ no hay discriminaci√≥n s√≥lo una descripci√≥n objetiva de los hechos."	"Cuestion-de-confianza"	4	"2020-08-05 17:06:21"	97	1	
"MIJOZEVA"	"@MariaCespedesc @esquinabaja @PCaterianoB Seria bueno saber cual es su concepto de ¬´inversion minera responsable¬ª para validar sus creencias ... ademas tambien cree en inversion agraria responsable?"	"Cuestion-de-confianza"	4	"2020-08-05 17:06:07"	98	1	
"RGersonLC"	"@MariaCespedesc @PCaterianoB Mis respetos, se√±ora. Espero tenga la oportunidad de explorar todas las ventajas que la miner√≠a formal puede otorgarle al Per√∫"	"Cuestion-de-confianza"	4	"2020-08-05 17:04:42"	99	1	"130"
"giov2000"	"@MariaCespedesc @PCaterianoB Eres una fanatica religiosa... es la verdad y no se puede negar. Quien le habr√° escrito el tweet porque hilar 2 frases seguida no pueden?"	"Cuestion-de-confianza"	4	"2020-08-05 17:03:26"	100	1	
"Hola12378409418"	"@MariaCespedesc @PCaterianoB Bien dicho , ganar√°n miles de votos con esos tipos de expresiones"	"Cuestion-de-confianza"	4	"2020-08-05 16:58:52"	101	1	
"xTeRm0"	"@MariaCespedesc @camcesar @PCaterianoB Jajajajaja.... ese Cateriano ya qued√≥ inmortalizado con el Chaplin de la ""luz verde""‚Ä¶ Hasta los pescaditos lo vacilan!"	"Cuestion-de-confianza"	4	"2020-08-05 16:46:36"	102	1	
"politicaperuana"	"@MariaCespedesc @esquinabaja @PCaterianoB Ahora van a salir los troles de palacio a defender al luz verde de nadine, el sobonaso humalista, balon de odio de Cateriano."	"Cuestion-de-confianza"	4	"2020-08-05 16:43:56"	103	1	
"ETJHILTON"	"@MariaCespedesc @PCaterianoB Total pescaditos descerebrados en la pocilga del @congresoperu dijiste que la mineria es una maldici√≥n casi como un juramento lo expresarse y ahora recurres a la miner√≠a, se comprueba que la ignorancia y la idiotez es muy atrevida sobretodo en pseudos pol√≠ticos @pcmperu @FREPAP_FIA"	"Cuestion-de-confianza"	4	"2020-08-05 16:43:04"	104	1	"145"
"fredy_eliot"	"@MariaCespedesc @PCaterianoB O sea la misma miner√≠a imaginaria que apoya el Frente Amplio."	"Cuestion-de-confianza"	4	"2020-08-05 16:42:00"	105	1	
"rosecito"	"@MariaCespedesc @PCaterianoB Ayy se√±ora que r√°pido aprenden las ma√±oserias pol√≠ticas, tener conciencia pol√≠tica es velar por todo los intereses del pa√≠s, no s√≥lo ser furg√≥n de cola para intereses pol√≠ticos o particulares, el Per√∫ est√° primero ü§∑‚Äç‚ôÇÔ∏è"	"Cuestion-de-confianza"	4	"2020-08-05 16:39:35"	106	1	
"PPaqola"	"@MariaCespedesc @MiguelHilarioE @PCaterianoB Que sepa hay miner√≠a con buenas pr√°cticas pero son nuestros compatriotas que fungen de listos que trasgreden todo."	"Cuestion-de-confianza"	4	"2020-08-05 16:38:37"	107	1	
"Conny2407"	"@MariaCespedesc @PCaterianoB Con el respeto que se merece sra., le pido no se dejen manipular por esos politiqueros de siempre, creo en su buena fe, pero no es el momento que les hagan el juego, ya ve que ellos se han abstenido y como siempre la izquierda tb cae en lo mismo, los utilizan y acuerdense que hay pandemia"	"Cuestion-de-confianza"	4	"2020-08-05 16:37:52"	108	1	"128,120"
"camila70_"	"@MariaCespedesc @PCaterianoB Mineria responsable cuidando el medioambiente y a nuestros hnos para que logren desarrollarse con Educacion y Salud para todos cero pobreza en las regiones mineras"	"Cuestion-de-confianza"	4	"2020-08-05 16:37:12"	109	1	"132"
"carlosvasquezlp"	"@MariaCespedesc @esquinabaja @PCaterianoB Agarra esa flor Cateriano."	"Cuestion-de-confianza"	4	"2020-08-05 16:34:36"	110	1	
"LaMari16445930"	"@MariaCespedesc @esquinabaja @PCaterianoB En lo √∫nico que creen es en el pedofilo de vuestro l√≠der hist√≥rico. Cuyo cuerpo putrefacto nunca despert√≥."	"Cuestion-de-confianza"	4	"2020-08-05 16:32:12"	111	1	"149"
"elensarte"	"@MariaCespedesc @PCaterianoB No use lo de la luz verde, si averiguan eso nace de una mentira."	"Cuestion-de-confianza"	4	"2020-08-05 16:29:34"	112	1	
"NinahuamanJose"	"@MariaCespedesc @PCaterianoB Han planteado algo contra la miner√≠a ilegal que es la que finalmente contamina m√°s? (La minera formal tambi√©n contamina y es lamentable que el estado no haga respetar las leyes y se sancione)"	"Cuestion-de-confianza"	4	"2020-08-05 16:22:59"	113	1	"129,131"
"WairaThais"	"@Alexmey7 @MariaCespedesc @PCaterianoB Centrandonos en el tema de la miner√≠a, perfectamente esta claro que puede ser favorable pero si tu no consideras en cuidar el ecosistema es destruir y contaminar parte del lugar donde se encuentran los residentes , ese es el tema central"	"Cuestion-de-confianza"	4	"2020-08-05 23:50:33"	114	67	
"sirasavi"	"@Alexmey7 @MariaCespedesc @PCaterianoB Gobierno: No acept√≥ donaci√≥n de oxigeno del sector privado en Arequipa, convirti√≥ las instituciones del Estado en agencia de empleo de amigos/familiares, dio dinero Reactiva Per√∫ a empresas ODEBRECHT, miente con la cantidad de fallecidos por Covid-19 ¬øQu√© quiere El Ejecutivo? üëè"	"Cuestion-de-confianza"	4	"2020-08-05 23:47:33"	115	67	
"Alexmey7"	"@MariaCespedesc @PCaterianoB Si bien Cateriano se expreso de mala forma muxo tiene de verdad acerca de su partido el cual hasta el d√≠a de hoy ni siquiera est√° claro el problema dentro de su dirigencia, m√°s acciones sra y no hagan los que otros hacen y al parecer se dejan llevar en sus votaciones"	"Cuestion-de-confianza"	4	"2020-08-05 19:22:00"	116	67	"114,115,116"
"mercedes220894"	"@FreddyLvsng80 @MariaCespedesc @PCaterianoB @FREPAP_FIA los del FREPAP no saben nada de nada solo tienen secundaria completa no aporta nada al congreso pero cobran mas que cualquier profesional del Per√∫ ese el problema"	"Cuestion-de-confianza"	4	"2020-08-05 23:22:52"	117	43	"118,119"
"sirasavi"	"@mercedes220894 @FreddyLvsng80 @MariaCespedesc @PCaterianoB @FREPAP_FIA Gobierno: No acept√≥ donaci√≥n de oxigeno del sector privado en Arequipa, convirti√≥ las instituciones del Estado en agencia de empleo de amigos/familiares, dio dinero Reactiva Per√∫ a empresas ODEBRECHT, miente con la cantidad de fallecidos por Covid-19 ¬øQu√© quiere El Ejecutivo? üëè"	"Cuestion-de-confianza"	4	"2020-08-05 23:46:15"	118	23	
"FreddyLvsng80"	"@mercedes220894 @MariaCespedesc @PCaterianoB @FREPAP_FIA La mayor√≠a son analfabetos. Tenemos de ejemplo Beteta, Arimborgo, Anancul√≠. Los congresistas son representantes de cada ciudad y no necesitan ser letrados, por eso contratan asesores que chambeen por ellos. Lo malo es que contratan principiantes, que los dejan en evidencia!"	"Cuestion-de-confianza"	4	"2020-08-05 23:45:17"	119	23	"117"
"sawasqa"	"@Conny2407 @MariaCespedesc @PCaterianoB No puedes declarar respecto de entrada y luego insinuar desconocimiento. La posici√≥n pol√≠tica esta precisa y clara, respecto de quien da Luz Verde."	"Cuestion-de-confianza"	4	"2020-08-05 17:31:24"	120	108	
